Cluster,Cluster_Size,Avg_Age,Avg_Study_Hours,Avg_Sleep,Avg_Monthly_Spending
0,165,20.78181818181818,4.781212121212121,7.498181818181818,3.146363909090909
1,205,20.78048780487805,2.265853658536585,6.751219512195122,4.802682970731707
2,2,21.0,6.0,6.5,3.7
